{
  "id": "draw-steel-timer",
  "title": "Draw Steel Turn Timer",
  "version": "1.0.0",
  "manifest": "https://github.com/icedern/draw-steel-timer/releases/latest/download/module.json",
  "download": "https://github.com/icedern/draw-steel-timer/releases/download/v1.1.0/module.zip",
  "compatibility": {
    "minimum": "12",
    "verified": "13"
  },
  "relationships": {
    "systems": [
      {
        "id": "draw-steel",
        "type": "system",
        "compatibility": {}
      }
    ]
  },
  "esmodules": [
    "scripts/main.js"
  ],
  "styles": [
    "styles/style.css"
  ],
  "description": "Adds a 30s countdown timer when a turn ends."
}